grid,velocity,T,D,X_H2,X_H,X_O,X_O2,X_OH,X_H2O,X_HO2,X_H2O2,X_AR,X_N2
0,0.797233272,300,1.33861236,0.154929577,-1.74787821e-17,-7.23645207e-17,0.14084507,4.16768263e-17,5.02597533e-18,1.19940172e-17,-6.46363483e-17,0.704225352,-7.07443356e-19
0.012,0.797233263,300,1.33861238,0.154929567,-1.43610114e-20,-3.66060931e-17,0.140845072,-2.07879304e-19,2.21746923e-15,8.56945789e-17,-5.55732195e-17,0.704225361,4.98035098e-18
0.024,0.797233027,300,1.33861277,0.154929301,1.6406241e-20,1.06128543e-15,0.140845116,1.19845974e-18,1.68339646e-13,1.09362515e-15,2.38442266e-16,0.704225583,-4.43068645e-18
0.03,0.797230829,300.000002,1.33861646,0.154926817,6.96855395e-19,2.57152287e-14,0.140845529,3.60765082e-17,4.97321564e-12,3.01179942e-14,1.02057882e-14,0.704227653,6.73605052e-18
0.033,0.797220053,300.000022,1.33863453,0.154914607,7.62928593e-18,2.9482735e-13,0.140847558,4.05954978e-16,7.56398194e-11,4.67502895e-13,1.76046936e-13,0.704237835,6.69415311e-19
0.036,0.797146309,300.000328,1.33875823,0.154830516,1.09848888e-16,4.21703439e-12,0.140861529,5.84261857e-15,1.48462312e-09,9.93580252e-12,3.9133819e-12,0.704307953,2.57088688e-17
0.0375,0.79694934,300.002081,1.33908882,0.154602975,7.03474696e-16,2.61312014e-11,0.140899312,3.85482182e-14,1.21928835e-08,8.88044648e-11,3.59541673e-11,0.704497701,1.97536135e-16
0.03825,0.79664121,300.007553,1.33960639,0.154238541,3.02856447e-15,9.21855478e-11,0.140959765,1.92559211e-13,5.55524726e-08,4.41214052e-10,1.81275463e-10,0.704801637,7.14101068e-16
0.039,0.79591203,300.032186,1.34083292,0.153339782,2.25748499e-14,3.78418302e-10,0.141108583,1.82832813e-12,3.04124855e-07,2.6669179e-09,1.10862648e-09,0.705551327,5.30768771e-15
0.039375,0.795199702,300.076897,1.34203336,0.152397961,1.25600115e-13,8.79236377e-10,0.141264044,1.18139646e-11,8.694218e-07,8.21263197e-09,3.44292648e-09,0.706337113,-2.72540962e-16
0.03975,0.794095721,300.200253,1.34389813,0.150771796,7.71211265e-13,2.21292205e-09,0.1415312,7.71099364e-11,2.77191902e-06,2.84808617e-08,1.20553369e-08,0.707694188,-6.93601767e-15
0.0399375,0.793375961,300.343491,1.34511668,0.149519336,2.46785996e-12,3.71266024e-09,0.141735557,2.50486562e-10,5.40890719e-06,5.87118789e-08,2.50349848e-08,0.70873961,-6.21980824e-15
0.040125,0.792603281,300.613417,1.34642721,0.147820775,7.68125629e-12,6.46117286e-09,0.142010364,7.88587732e-10,1.11583003e-05,1.28869673e-07,5.54258685e-08,0.710157511,-5.45594082e-15
0.0403125,0.791945756,301.122917,1.34754418,0.145525109,2.39670266e-11,1.15099381e-08,0.142377084,2.46889405e-09,2.36851501e-05,2.9141571e-07,1.26506609e-07,0.71207369,4.09466399e-15
0.0405,0.791799898,302.086372,1.34779129,0.142437938,7.55251356e-11,2.08342018e-08,0.142860796,7.71442771e-09,5.09392512e-05,6.67230779e-07,2.92341686e-07,0.714649339,-1.16547984e-15
0.04059375,0.792239141,302.890506,1.34704338,0.140506702,1.44954101e-10,2.85363727e-08,0.143156234,1.45177072e-08,7.65161229e-05,1.0392151e-06,4.57325835e-07,0.716259009,9.28337477e-15
0.0406875,0.793349251,304.053864,1.34515775,0.138263308,2.80453224e-10,3.96226346e-08,0.143490981,2.73818776e-08,0.000116959813,1.65383971e-06,7.30449229e-07,0.718126299,-3.47044647e-15
0.04078125,0.795511977,305.736837,1.34149983,0.135669777,5.54318687e-10,5.57338289e-08,0.143865216,5.18283618e-08,0.000180754772,2.66872482e-06,1.18056989e-06,0.720280295,-1.03950858e-16
0.040875,0.799287816,308.169991,1.33516151,0.132689766,1.13638164e-09,7.95056806e-08,0.144275977,9.87289512e-08,0.000281023644,4.34409122e-06,1.91725552e-06,0.722746793,2.6069243e-15
0.04096875,0.80548824,311.68233,1.32488249,0.129292303,2.48266064e-09,1.15407409e-07,0.144715373,1.9020494e-07,0.000437809006,7.11092076e-06,3.1101508e-06,0.725543986,-8.67312749e-16
0.0410625,0.815268044,316.737787,1.30898788,0.125457026,6.04695961e-09,1.71519569e-07,0.14516823,3.73428011e-07,0.000681174936,1.16864105e-05,5.01058507e-06,0.728676321,-5.4003014e-15
0.041109375,0.82211562,320.088399,1.29808417,0.123373003,1.07343974e-08,2.13078698e-07,0.14539017,5.3976027e-07,0.000852132908,1.5106714e-05,6.35771494e-06,0.730362465,-9.82847414e-15
0.04115625,0.830696209,324.156351,1.28467485,0.12118243,2.00246494e-08,2.68125256e-07,0.145601518,7.88962979e-07,0.00106822987,1.96406751e-05,8.06741482e-06,0.732119037,-2.36165785e-14
0.041203125,0.841366009,329.082414,1.26838235,0.118891437,3.97225923e-08,3.42308118e-07,0.145795523,1.16819103e-06,0.00134012496,2.56395303e-05,1.02121032e-05,0.733935513,-2.52105187e-14
0.04125,0.854534298,335.028372,1.24883591,0.116508692,8.30855907e-08,4.44244599e-07,0.145964173,1.75540609e-06,0.00168037845,3.35456216e-05,1.28630858e-05,0.735798065,-2.87830684e-15
0.0412734375,0.862236421,338.454866,1.23768007,0.115286917,1.24901474e-07,5.1069271e-07,0.146035424,2.17641286e-06,0.00188180957,3.84170292e-05,1.4401918e-05,0.736740218,-1.80363342e-14
0.041296875,0.870786955,342.224099,1.22552662,0.114047715,1.87604708e-07,5.90348169e-07,0.146095848,2.71134742e-06,0.00210742416,4.40163969e-05,1.60980283e-05,0.737685409,-2.28575136e-14
0.0413203125,0.880258105,346.364539,1.21234034,0.112793142,2.81902623e-07,6.86344311e-07,0.146143951,3.39354207e-06,0.00235960178,5.04227405e-05,1.79553193e-05,0.738630566,-1.67030323e-14
0.04134375,0.890724715,350.905708,1.19809441,0.111525383,4.23339131e-07,8.0264483e-07,0.14617818,4.26633637e-06,0.00264084505,5.77105067e-05,1.99742009e-05,0.739572415,1.09672285e-14
0.0413671875,0.90226357,355.877912,1.1827722,0.11024672,6.34233691e-07,9.44262822e-07,0.146196936,5.38575522e-06,0.00295376306,6.59428028e-05,2.21506828e-05,0.740507522,-4.40557767e-15
0.041390625,0.914952506,361.31189,1.1663691,0.108959495,9.46185492e-07,1.11752798e-06,0.146198596,6.82360326e-06,0.00330104939,7.5162787e-05,2.44754975e-05,0.741432333,-2.36457221e-14
0.0414140625,0.928869284,367.238376,1.14889415,0.107666059,1.40322567e-06,1.33040488e-06,0.146181533,8.67083254e-06,0.00368545453,8.53834669e-05,2.69333535e-05,0.742343232,-1.19789434e-14
0.0414375,0.944090232,373.687553,1.13037155,0.106368721,2.06567062e-06,1.59286247e-06,0.146144144,1.10408882e-05,0.00410975243,9.65766041e-05,2.95024444e-05,0.743236604,-5.79488558e-15
0.0414609375,0.960688644,380.688433,1.11084179,0.105069686,3.01467896e-06,1.91728907e-06,0.146084879,1.40725345e-05,0.00457670128,0.000108661947,3.21543496e-05,0.744108914,-5.98517557e-15
0.041484375,0.97873295,388.268121,1.09036233,0.103770996,4.35744119e-06,2.31893919e-06,0.146002265,1.79314323e-05,0.00508899899,0.000121498522,3.48544455e-05,0.744956779,-1.21836914e-14
0.0414960937,0.988324481,392.285668,1.0797808,0.103122495,5.22922604e-06,2.55582108e-06,0.145951628,2.02444885e-05,0.0053632582,0.00012812317,3.62079046e-05,0.745370259,-4.96583278e-15
0.0415078125,0.998309644,396.460497,1.06898104,0.102474993,6.25614974e-06,2.81988147e-06,0.145894461,2.28444594e-05,0.00565015651,0.000134854061,3.75579726e-05,0.745776057,-4.70680727e-15
0.0415195312,1.00869505,400.795224,1.05797523,0.101828686,7.46200325e-06,3.11411768e-06,0.145830606,2.57594454e-05,0.00595000964,0.000141653005,3.88989546e-05,0.746173811,4.88876278e-15
0.04153125,1.01948657,405.292177,1.04677661,0.101183744,8.87330359e-06,3.44179762e-06,0.145759916,2.90185374e-05,0.00626311916,0.000148478183,4.02250482e-05,0.746563184,-6.43633153e-16
0.0415429687,1.03068929,409.953368,1.03539936,0.100540314,1.05194553e-05,3.80647085e-06,0.145682252,3.26514423e-05,0.00658977087,0.00015528463,4.15304212e-05,0.746943871,1.62116135e-15
0.0415546875,1.0423074,414.780464,1.02385857,0.0998985174,1.24328911e-05,4.21197792e-06,0.145597487,3.66880288e-05,0.00693023309,0.00016202485,4.280929e-05,0.747315595,4.15008887e-15
0.041578125,1.06678925,424.932381,1.00036261,0.0986199793,1.71648764e-05,5.15735163e-06,0.145406465,4.60551091e-05,0.00765298464,0.000175157501,4.52704431e-05,0.748031766,-3.2231535e-15
0.0416015625,1.09291939,435.743407,0.976446035,0.0973477905,2.34197836e-05,6.31512761e-06,0.145186563,5.73403044e-05,0.00843221717,0.000187469529,4.75658206e-05,0.748711319,1.6810371e-15
0.041625,1.12069408,447.212172,0.952246947,0.0960819256,3.1567548e-05,7.72601454e-06,0.144937182,7.07247525e-05,0.00926921726,0.000198603982,4.96594487e-05,0.749353393,2.83155473e-16
0.0416484375,1.15009249,459.330532,0.927906419,0.0948219649,4.20281306e-05,9.43561397e-06,0.144657889,8.63294729e-05,0.0101648997,0.00020824934,5.15216732e-05,0.749957682,-4.55229862e-17
0.041671875,1.18107663,472.083548,0.903564449,0.0935671328,5.5266237e-05,1.14945521e-05,0.14434841,0.000104194489,0.0111197962,0.000216165123,5.31297694e-05,0.75052441,2.17140935e-15
0.0416953125,1.21359206,485.449759,0.879355992,0.0923163552,7.17826837e-05,1.39587635e-05,0.144008629,0.000124263128,0.0121340574,0.000222199437,5.44678912e-05,0.751054287,-2.21420382e-15
0.04171875,1.24756929,499.401726,0.855407375,0.0910683288,9.21027056e-05,1.68900498e-05,0.143638574,0.000146374647,0.0132074688,0.00022629617,5.55265148e-05,0.751548438,2.87643729e-15
0.0417421875,1.28292579,513.906807,0.831833325,0.0898215991,0.000116761939,2.03570198e-05,0.143238415,0.000170267149,0.0143394761,0.000228491522,5.63015957e-05,0.752008331,1.64731445e-15
0.041765625,1.31956833,528.928088,0.808734777,0.0885746373,0.000146291168,2.44364804e-05,0.142808445,0.000195591063,0.0155292214,0.000228901453,5.6793659e-05,0.752435682,1.19951607e-14
0.0417890625,1.35739564,544.425413,0.78619753,0.0873259127,0.000181201118,2.92152823e-05,0.142349068,0.000221931548,0.0167755841,0.000227703005,5.70069809e-05,0.752832377,6.69811383e-15
0.0418125,1.396301,560.356417,0.764291734,0.0860739541,0.000221968585,3.47925552e-05,0.141860774,0.000248836695,0.0180772264,0.000225112921,5.69489451e-05,0.753200386,2.52820793e-15
0.041859375,1.47696525,593.368286,0.722550198,0.0835556402,0.000322229759,4.8662012e-05,0.140800108,0.000302949734,0.0208395634,0.000216499234,5.60563819e-05,0.753858291,-2.36104282e-15
0.04190625,1.5605148,627.5494,0.683865032,0.0810085131,0.000450090611,6.71445903e-05,0.139635242,0.000354676367,0.0237957144,0.000205200958,5.42720845e-05,0.754429145,-3.45225014e-15
0.041953125,1.64615124,662.579882,0.648288718,0.0784268043,0.00060724682,9.16266687e-05,0.138370509,0.000402271343,0.0269317073,0.000192637166,5.17286081e-05,0.754925468,-1.95757821e-16
0.042,1.7331503,698.167849,0.615746314,0.075807224,0.000794465886,0.000123835441,0.137009174,0.000445328944,0.0302339329,0.00017981332,4.85769009e-05,0.755357648,-2.72353363e-15
0.0420234375,1.77692549,716.075571,0.600577066,0.074482767,0.000899394128,0.00014362351,0.136292732,0.00046547159,0.0319430738,0.000173535033,4.68317855e-05,0.755552571,4.58955426e-15
0.042046875,1.82081637,734.030685,0.586099994,0.0731485256,0.00101180959,0.000166208385,0.135551759,0.000484882801,0.0336903725,0.000167404688,4.4990924e-05,0.755734046,-7.54755834e-15
0.0420703125,1.86475527,752.005402,0.572289698,0.0718045999,0.00113160373,0.000191892604,0.134786231,0.000503826223,0.035474417,0.000161461114,4.30749289e-05,0.755902894,4.57320597e-15
0.04209375,1.90868001,769.974058,0.559119386,0.0704511874,0.00125863338,0.000220985381,0.133996057,0.000522606031,0.03729386,0.000155729894,4.11039253e-05,0.756059837,-7.07976385e-15
0.0421171875,1.95253362,787.913008,0.546561528,0.0690885783,0.00139272304,0.000253796891,0.1331811,0.000541556466,0.0391474025,0.000150226368,3.90973206e-05,0.756205519,3.89637837e-15
0.042140625,1.99626401,805.800495,0.534588377,0.0677171525,0.00153366623,0.000290632128,0.132341201,0.000561032246,0.0410337719,0.000144958091,3.70736037e-05,0.756340513,-1.33039541e-15
0.0421640625,2.03982354,823.616513,0.523172374,0.0663373797,0.00168122625,0.000331784558,0.131476199,0.000581399996,0.0429516981,0.000139926793,3.50501732e-05,0.756465336,-3.14723422e-15
0.0421875,2.08316869,841.342666,0.512286465,0.0649498206,0.0018351362,0.000377529789,0.130585961,0.000603030701,0.0448998868,0.000135129933,3.30431936e-05,0.756580461,-6.83537666e-15
0.0422109375,2.12625964,858.962031,0.50190434,0.0635551287,0.00199509861,0.00042811949,0.12967041,0.000626293167,0.0468769919,0.000130561913,3.10674772e-05,0.756686328,-1.14238282e-14
0.042234375,2.16905993,876.459023,0.492000597,0.0621540542,0.00216078478,0.000483775757,0.128729547,0.000651548406,0.0488815885,0.000126215022,2.91363929e-05,0.75678335,2.46278667e-15
0.0422578125,2.21153605,893.819263,0.482550866,0.0607474466,0.0023318339,0.000544686132,0.127763477,0.000679144923,0.0509121471,0.000122080173,2.72618002e-05,0.756871922,-7.66992383e-16
0.04228125,2.25365717,911.029461,0.473531879,0.0593362578,0.00250785229,0.000610999427,0.126772434,0.000709414878,0.0529670096,0.000118147498,2.54540081e-05,0.756952431,-2.04500315e-15
0.042328125,2.3367686,944.969803,0.456689775,0.0565033793,0.00287349634,0.000760097654,0.124716743,0.000778880371,0.0571443476,0.000110854017,2.20633698e-05,0.757090138,1.40776302e-14
0.042375,2.41819141,978.193272,0.441312544,0.053666452,0.00325345889,0.000931016452,0.122570957,0.000862040278,0.0613933906,0.00010423573,1.90131798e-05,0.757199436,2.18367053e-15
0.042421875,2.49775702,1010.6271,0.427254582,0.0508367119,0.00364348585,0.0011232204,0.120343285,0.000960397033,0.0656952373,9.82181304e-05,1.63285427e-05,0.757283116,-3.92659274e-15
0.04246875,2.57526756,1042.18838,0.414395062,0.0480265099,0.00403887951,0.0013353991,0.118044921,0.00107486999,0.0700281303,9.27320252e-05,1.40136427e-05,0.757344545,1.03232825e-14
0.042515625,2.65057382,1072.81527,0.402621592,0.0452494837,0.00443463866,0.00156554502,0.115689908,0.00120576639,0.0743680077,8.77142936e-05,1.20550758e-05,0.757386882,1.87458557e-14
0.0425625,2.72355521,1102.45894,0.391832849,0.0425200271,0.00482559563,0.00181106145,0.113294728,0.00135278803,0.0786890481,8.31093732e-05,1.04258519e-05,0.757413217,-1.27335079e-14
0.042609375,2.79411048,1131.0799,0.38193858,0.0398527483,0.00520658183,0.00206889569,0.110877694,0.00151507262,0.0829644467,7.88696784e-05,9.08963509e-06,0.757426602,2.45498706e-15
0.04265625,2.86215812,1158.64804,0.372858091,0.0372619352,0.00557260911,0.00233568588,0.108458223,0.00169126456,0.0871673398,7.49550754e-05,8.00488005e-06,0.757429982,1.66107587e-14
0.042703125,2.9276369,1185.14258,0.364518928,0.034761025,0.00591904749,0.00260790898,0.106056051,0.00187960736,0.0912717592,7.13319993e-05,7.12859039e-06,0.757426141,-3.57850206e-16
0.04275,2.99050622,1210.55197,0.356855747,0.03236212,0.0062417845,0.00288202019,0.103690459,0.00207804914,0.095253533,6.79724422e-05,6.41947838e-06,0.757417643,7.47710531e-15
0.042796875,3.05074609,1234.87364,0.349809382,0.0300755873,0.00653735391,0.00315457695,0.101379575,0.00228435257,0.0990910624,6.48529371e-05,5.84036126e-06,0.757406798,7.09197432e-15
0.04284375,3.10835666,1258.11342,0.343326074,0.0279097651,0.00680302556,0.0034223427,0.0991397948,0.0024962009,0.102765923,6.19536153e-05,5.35969584e-06,0.757395634,1.70443654e-14
0.042890625,3.16335712,1280.28495,0.33735684,0.0258707893,0.00703685274,0.00368236814,0.0969853379,0.00271129331,0.106263266,5.92573915e-05,4.95223929e-06,0.757385883,7.37860786e-15
0.0429375,3.21578429,1301.40877,0.331856971,0.0239625391,0.00723767772,0.00393204925,0.0949279744,0.00292742476,0.109572006,5.67493011e-05,4.59892863e-06,0.75737898,6.27399632e-15
0.042984375,3.2656906,1321.51141,0.326785609,0.0221866929,0.00740509979,0.00416916295,0.0929768975,0.00314254724,0.112684823,5.44159915e-05,4.28616658e-06,0.757376074,2.97174769e-15
0.04303125,3.31314197,1340.62431,0.322105407,0.0205428748,0.00753941276,0.00439188169,0.0911387376,0.00335481116,0.115597988,5.22453405e-05,4.00476025e-06,0.757378044,-8.48481437e-15
0.043078125,3.35821539,1358.78282,0.317782231,0.0190288716,0.00764152053,0.00459876913,0.0894176931,0.00356258685,0.118311062,5.02261452e-05,3.74876143e-06,0.757385522,3.17472035e-15
0.043125,3.40099653,1376.02518,0.313784912,0.0176408946,0.00771283946,0.00478875853,0.0878157539,0.00376446624,0.1208265,4.83477037e-05,3.51440927e-06,0.757398925,-1.03496363e-16
0.04321875,3.48001266,1407.90336,0.306660318,0.015226793,0.00776883956,0.00511606663,0.084967297,0.00414707938,0.125282399,4.49763225e-05,3.10310899e-06,0.757443446,-2.12062761e-14
0.0433125,3.55139226,1436.74833,0.300496833,0.0132397378,0.00772737869,0.00537404202,0.0825510899,0.00449716849,0.129058029,4.20407407e-05,2.75414492e-06,0.757507759,2.26453124e-14
0.04340625,3.6159326,1462.88766,0.29513338,0.0116218516,0.00760748277,0.00556553297,0.0805285294,0.00481218444,0.132231976,3.94776096e-05,2.45896091e-06,0.757590506,1.19120418e-14
0.0435,3.67440109,1486.63091,0.290437168,0.010314395,0.00742776672,0.00569614046,0.0788525207,0.00509167642,0.134888696,3.72296486e-05,2.2093372e-06,0.757689366,1.71497684e-14
0.04359375,3.72750834,1508.2607,0.28629925,0.00926218196,0.0072050374,0.00577308461,0.0774736211,0.00533670553,0.137110547,3.52467559e-05,1.99764848e-06,0.757801578,2.07107911e-14
0.0436875,3.77589447,1528.02893,0.282630516,0.00841608713,0.00695359847,0.00580425643,0.0763442278,0.00554930653,0.138972911,3.34860209e-05,1.81726784e-06,0.757924309,-2.50121335e-14
0.04378125,3.82012496,1546.1564,0.279358174,0.00773408257,0.00668506463,0.00579750845,0.075421052,0.005732062,0.140541767,3.19113622e-05,1.66268086e-06,0.758054889,1.04395952e-14
0.043875,3.86069259,1562.83451,0.276422743,0.00718127879,0.00640849783,0.00576018127,0.0746662838,0.00588779291,0.141873003,3.04928912e-05,1.52939975e-06,0.75819094,7.06673633e-15
0.04396875,3.8980229,1578.22802,0.273775537,0.00672937669,0.00613071466,0.00569883196,0.0740478638,0.00601934755,0.143012812,2.92061194e-05,1.41380405e-06,0.758330433,-9.34580126e-15
0.0440625,3.93248133,1592.47823,0.27137659,0.00635583263,0.00585665899,0.00561911748,0.0735392063,0.00612946617,0.143998673,2.80311256e-05,1.31297592e-06,0.758471701,8.88683259e-15
0.04415625,3.96438064,1605.7061,0.269192975,0.00604293713,0.00558977422,0.00552578621,0.0731186313,0.00622070075,0.14486058,2.69517626e-05,1.22455645e-06,0.758613414,1.64531794e-14
0.04425,3.99398816,1618.0152,0.267197448,0.00577692654,0.00533233973,0.00542273759,0.0727686795,0.00629537368,0.145622299,2.59549493e-05,1.14662886e-06,0.758754543,6.59151067e-15
0.04434375,4.02153223,1629.49417,0.265367378,0.00554718867,0.00508575636,0.00531311973,0.0724754147,0.00635556271,0.146302526,2.50300631e-05,1.0776253e-06,0.758894324,3.40767982e-15
0.0444375,4.04720789,1640.21898,0.263683877,0.00534558598,0.0048507783,0.0051994452,0.0722277732,0.00640310306,0.146915916,2.4168423e-05,1.01624168e-06,0.759032214,-5.79565965e-15
0.044625,4.09347636,1659.61002,0.260703461,0.00500803837,0.00441642802,0.00496591293,0.0718427727,0.00646511441,0.147977117,2.26128823e-05,9.12473508e-07,0.759301092,3.43754535e-14
0.0448125,4.13448088,1676.85025,0.258117874,0.00472496938,0.00402760456,0.00473402778,0.0715494368,0.00649520383,0.148890873,2.12280946e-05,8.27820486e-07,0.759555829,1.2868072e-15
0.045,4.17106033,1692.2734,0.255854212,0.00447818465,0.00368064358,0.00450919228,0.0713193588,0.00650082646,0.14969497,1.99845636e-05,7.57799252e-07,0.759796082,1.17541765e-14
0.0451875,4.20387232,1706.14301,0.253857206,0.00425701454,0.00337117397,0.00429423867,0.0711344763,0.00648756611,0.150413802,1.88601653e-05,6.99119247e-07,0.760022169,1.34927684e-14
0.045375,4.23343808,1718.6694,0.252084282,0.00405509957,0.00309483798,0.00409043966,0.0709831324,0.00645961705,0.15106359,1.78379659e-05,6.49359186e-07,0.760234796,1.14535796e-14
0.0455625,4.2601736,1730.02148,0.250502258,0.00386854663,0.00284760642,0.00389817048,0.0708576499,0.0064201633,0.15165546,1.69046721e-05,6.06715182e-07,0.760434892,8.81276705e-15
0.04575,4.28441069,1740.33482,0.249085135,0.00369488914,0.0026258757,0.00371735417,0.0707528089,0.00637171107,0.152197221,1.60495931e-05,5.69829838e-07,0.76062352,1.07122893e-14
0.046125,4.32619845,1758.1759,0.246679118,0.00338141729,0.00224911877,0.00338964309,0.0705931552,0.00625480192,0.153147074,1.45506696e-05,5.09670836e-07,0.760969729,2.59911342e-14
0.0465,4.36167879,1773.36646,0.244672446,0.00310322215,0.00193990943,0.00309936059,0.0704749768,0.00612184716,0.153970771,1.32580024e-05,4.61876025e-07,0.761276193,-2.96128243e-14
0.046875,4.39209492,1786.42147,0.242977996,0.00285501571,0.00168378999,0.0028418424,0.0703872114,0.00597935481,0.15469165,1.21341511e-05,4.22937289e-07,0.761548579,4.04079204e-16
0.04725,4.41837328,1797.72646,0.241532836,0.00263283454,0.00146990167,0.00261283218,0.0703225023,0.00583185792,0.155326838,1.11504977e-05,3.90549952e-07,0.761791692,5.92979337e-15
0.047625,4.44121033,1807.57271,0.240290814,0.00243348545,0.00128999646,0.00240864781,0.0702757977,0.00568251136,0.155889248,1.02848903e-05,3.63153392e-07,0.762009665,8.73077646e-15
0.048,4.46112393,1816.17825,0.239218164,0.00225434542,0.00113770605,0.00222620806,0.0702436215,0.00553362738,0.156388451,9.51985306e-06,3.39668706e-07,0.762206181,-6.44854052e-16
0.04875,4.49328436,1830.13397,0.237505903,0.00195069104,0.000900241948,0.00192004161,0.0702137988,0.00524612477,0.157215277,8.25550863e-06,3.01966843e-07,0.762545267,2.24143697e-14
0.0495,4.51905088,1841.34513,0.23615164,0.00169994897,0.000722445785,0.00166891809,0.0702078764,0.00497254841,0.157894983,7.22854006e-06,2.71985836e-07,0.762825779,1.64067024e-14
0.05025,4.54001253,1850.48664,0.235061252,0.00149130174,0.000587130088,0.00146119938,0.0702169135,0.00471576227,0.158460839,6.38489537e-06,2.47482515e-07,0.763060222,8.37414772e-15
0.051,4.55728559,1858.03456,0.234170273,0.0013165108,0.000482672693,0.0012880303,0.0702352472,0.00447683389,0.158936885,5.6851273e-06,2.27040229e-07,0.763257908,1.78101365e-14
0.05175,4.57166617,1864.32983,0.233433628,0.00116922203,0.000401042672,0.00114267258,0.0702592685,0.00425578669,0.159340785,5.10009573e-06,2.09721369e-07,0.763425913,6.38824164e-15
0.0525,4.58371371,1869.61358,0.23282005,0.00104453633,0.00033657845,0.0010199982,0.0702867979,0.00405222961,0.159685242,4.60796709e-06,1.94888925e-07,0.763569815,1.48281426e-15
0.054,4.60184259,1877.59776,0.231902801,0.000852442769,0.000246050648,0.000831947134,0.0703464142,0.00370271372,0.160216497,3.85815221e-06,1.71546082e-07,0.763799905,2.18883359e-14
0.0555,4.61557762,1883.65815,0.231212659,0.000707415008,0.000184875125,0.000690313762,0.0704044699,0.00340318465,0.160628586,3.29586995e-06,1.53168734e-07,0.763977707,2.66503446e-14
0.057,4.62622406,1888.36281,0.230680528,0.000596019549,0.000142350566,0.000581759729,0.0704585107,0.00314606686,0.160954541,2.86735506e-06,1.38420904e-07,0.764117746,5.86766653e-15
0.0585,4.63463843,1892.08562,0.23026169,0.000509138716,0.000112041742,0.000497222668,0.0705076813,0.00292471772,0.161216676,2.53614422e-06,1.26417008e-07,0.764229859,1.94233992e-14
0.06,4.64140026,1895.08016,0.22992621,0.000440446829,8.99567302e-05,0.000430449675,0.0705518724,0.00273350333,0.161430513,2.27703286e-06,1.16541244e-07,0.764320864,1.63337036e-14
0.0615,4.64691016,1897.52209,0.229653565,0.000385490431,7.35508524e-05,0.000377058951,0.0705913142,0.0025677964,0.161607049,2.07228068e-06,1.08351664e-07,0.76439556,1.40887368e-14
0.063,4.65144212,1899.53193,0.229429795,0.000341118508,6.11685277e-05,0.0003339701,0.07062638,0.00242400851,0.161753971,1.90928913e-06,1.01529086e-07,0.764457373,1.4604161e-14
0.066,4.65801771,1902.45536,0.229105894,0.000277712445,4.49075229e-05,0.000272418996,0.0706831959,0.00219896401,0.161970625,1.68190858e-06,9.14260217e-08,0.764550403,1.26785859e-14
0.069,4.66286927,1904.61338,0.228867502,0.000232695523,3.44558205e-05,0.00022871357,0.0707288212,0.00202155736,0.162132808,1.52614244e-06,8.39865426e-08,0.764619338,5.60638965e-15
0.072,4.66652573,1906.24036,0.228688162,0.000199972515,2.74758133e-05,0.000196941247,0.0707655764,0.00188063064,0.162256502,1.41748982e-06,7.84534775e-08,0.764671406,1.31625147e-14
0.078,4.67113609,1908.29522,0.228462437,0.000160185573,1.97448207e-05,0.000158258592,0.0708158206,0.00169120733,0.162414692,1.29320645e-06,7.16336056e-08,0.764738726,1.00351495e-14
0.084,4.67412779,1909.62864,0.228316202,0.000135675992,1.54338612e-05,0.000134422133,0.0708503606,0.0015619179,0.162518535,1.22298317e-06,6.74496279e-08,0.764782364,6.31568433e-15
0.09,4.67611629,1910.51491,0.228219107,0.000120049719,1.28788769e-05,0.000119208872,0.0708742427,0.00147293155,0.16258811,1.18181944e-06,6.48315027e-08,0.764811332,1.85241053e-14
0.096,4.67745913,1911.11332,0.228153586,0.000109834193,1.12948853e-05,0.000109253178,0.0708908057,0.00141141243,0.162635347,1.15687072e-06,6.31619172e-08,0.764830833,1.16620624e-14
0.108,4.67885082,1911.73217,0.228085721,9.97079721e-05,9.79347836e-06,9.93547146e-05,0.0709080515,0.00134725091,0.162684359,1.13401944e-06,6.15564979e-08,0.764850287,1.12300566e-14
0.12,4.67885082,1911.73217,0.228085721,9.97079721e-05,9.79347836e-06,9.93547146e-05,0.0709080515,0.00134725091,0.162684359,1.13401944e-06,6.15564979e-08,0.764850287,1.12300566e-14
